Progress,Duration (in seconds),Consent,Gender1,Race1,Race1_6_TEXT,Citizen,USborn,Residency_1,Residency_2,ConservativeIdeo,LiberalIdeo,GenPartyAffiliation,GenPartyAffiliation_4_TEXT,threatTime_First Click,threatTime_Last Click,threatTime_Page Submit,threatTime_Click Count,assuagedThreatTime_First Click,assuagedThreatTime_Last Click,assuagedThreatTime_Page Submit,assuagedThreatTime_Click Count,purposeAllCond,groupGrowth,whitePopChange,groupPower,reasonDemoShift,Readability,Informativity,systemThreat,USheaded,certain,statusThreatPercept,changecult,racetied,policy-timing_First Click,policy-timing_Last Click,policy-timing_Page Submit,policy-timing_Click Count,ImmigrantCitizenship,ImmigrationNumber,MilitaryFund,AffirmativeAction,Healthcare,EnglishNationalLang,Prisons,GenPolSpectrum,Age,Education,Income,primeRepeat,Guess,Comments,Condition
Progress,Duration (in seconds),"By answering the following questions, you are participating in a study being performed by cognitive scientists in the Stanford Department of Psychology. If you have questions about this research, please contact us at stanfordpsych251@gmail.com. You must be at least 18 years old to participate. Your participation in this research is voluntary. You may decline to answer any or all of the following questions. You may decline further participation, at any time, without adverse consequences. Your anonymity is assured; the researchers who have requested your participation will not receive any personal information about you.

 

If you agree to participate in this research study, please select the Accept button below.  You will then be taken to the first page of the survey.  If you do not wish to participate in this study, please select the Decline button below, and your session will end.",Which of the following best describes you?,Please check all racial or ethnic groups that you belong to: - Selected Choice,Please check all racial or ethnic groups that you belong to: - Other (please specify) - Text,Are you a United States citizen?,Were you born in the United States?,Current Residency Information: - Do you currently live in the United States?,Current Residency Information: - In which state do you live?,I endorse many aspects of conservative political ideology.,I endorse many aspects of liberal political ideology.,"Generally speaking, do you usually consider yourself a Democrat, a Republican, an Independent, or a member of some other political party? - Selected Choice","Generally speaking, do you usually consider yourself a Democrat, a Republican, an Independent, or a member of some other political party? - Other political party - Text",Timing - First Click,Timing - Last Click,Timing - Page Submit,Timing - Click Count,Timing - First Click,Timing - Last Click,Timing - Page Submit,Timing - Click Count,What is the purpose of the press release?,Which racial group is expected to be the largest contributor to the population growth in the US?,What is the White population expected to do in the coming decades?,"In 2042, which group is expected to hold the most societal status/power?",What is one of the main reasons outlined in the press release for the expected demographic shift?,How readable is this press release?,How informative was this press release?,The American way of life is seriously threatened.,"When you think about the direction in which the American society is headed, which of the following statements best reflects your feelings?",How certain are you of American society's future?,"If they increase in status, racial minorities are likely to reduce the influence of White Americans in society.",The culture of America is likely to change in the future.,My opportunities in life are tied to those of my racial group as a whole.,Timing - First Click,Timing - Last Click,Timing - Page Submit,Timing - Click Count,Currently the US requires immigrants to live in the US for at least 5 years before being eligible to,"Do you think that the number of immigrants from foreign countries who are allowed to come to the US to live should be increased a lot, increased a little, left the same as it is now, decreased a little, or decreased a lot?","Do you think that the amount of federal funding dedicated to funding the US military and defense departments should be increased a lot, increased a little, left the same as it is now, decreased a little, or decreased a lot?","Some people say that because of past discrimination, racial minorities should be given preference in hiring and promotion.  Others say that such preference in hiring and promotion of racial minorities is wrong because it discriminates against Whites.  What about your opinion, how do you feel about preferential hiring and promotion of racial minorities?","Some people say that health care should be a right for all people and not a privilege only for those who are insured by their workplace or participate in some other private plan.  Others say that the tax burden in this country is already high and it is unreasonable to expect people who are paying a part of their own private insurance plan to also pay for other people.  How do you feel about universal, guaranteed health care?","Some people say that English should be made the official language of the United States.  Others say that making English the official language would be unnecessary.  What about your opinion, how do you feel about establishing English as the official language of the US?",Some say that the best way to solve the problem of prison overcrowding would be to build more prisons.  Others say that it would be better to deal with the overcrowding problem by rehabilitating people who have committed non-violent crimes and provide them with job training so they can earn an honest living and are less likely to become repeat offenders.  How do you feel about building more prisons?,"In general, do you think of yourself as...",How old are you (in years)?,What is the highest degree or level of education you have completed?,What is your average yearly household income?,Had you seen the article you read earlier in this study before?,What would you guess was the hypothesis of this study?,"If you have any additional comments or feedback, please write them here.",Condition
"{""ImportId"":""progress""}","{""ImportId"":""duration""}","{""ImportId"":""QID385""}","{""ImportId"":""QID387""}","{""ImportId"":""QID388""}","{""ImportId"":""QID388_6_TEXT""}","{""ImportId"":""QID389""}","{""ImportId"":""QID390""}","{""ImportId"":""QID391_1""}","{""ImportId"":""QID391_2""}","{""ImportId"":""QID393""}","{""ImportId"":""QID394""}","{""ImportId"":""QID395""}","{""ImportId"":""QID395_4_TEXT""}","{""ImportId"":""QID412_FIRST_CLICK""}","{""ImportId"":""QID412_LAST_CLICK""}","{""ImportId"":""QID412_PAGE_SUBMIT""}","{""ImportId"":""QID412_CLICK_COUNT""}","{""ImportId"":""QID414_FIRST_CLICK""}","{""ImportId"":""QID414_LAST_CLICK""}","{""ImportId"":""QID414_PAGE_SUBMIT""}","{""ImportId"":""QID414_CLICK_COUNT""}","{""ImportId"":""QID438_TEXT""}","{""ImportId"":""QID439""}","{""ImportId"":""QID441""}","{""ImportId"":""QID511""}","{""ImportId"":""QID443_TEXT""}","{""ImportId"":""QID444""}","{""ImportId"":""QID445""}","{""ImportId"":""QID396""}","{""ImportId"":""QID397""}","{""ImportId"":""QID398""}","{""ImportId"":""QID399""}","{""ImportId"":""QID521""}","{""ImportId"":""QID522""}","{""ImportId"":""QID524_FIRST_CLICK""}","{""ImportId"":""QID524_LAST_CLICK""}","{""ImportId"":""QID524_PAGE_SUBMIT""}","{""ImportId"":""QID524_CLICK_COUNT""}","{""ImportId"":""QID449""}","{""ImportId"":""QID451""}","{""ImportId"":""QID453""}","{""ImportId"":""QID455""}","{""ImportId"":""QID457""}","{""ImportId"":""QID459""}","{""ImportId"":""QID463""}","{""ImportId"":""QID465""}","{""ImportId"":""QID234_TEXT""}","{""ImportId"":""QID238""}","{""ImportId"":""QID239""}","{""ImportId"":""QID517""}","{""ImportId"":""QID256_TEXT""}","{""ImportId"":""QID257_TEXT""}","{""ImportId"":""Condition""}"
100,576,1,2,3,,1,1,1,30,1,2,1,,5.38,119.011,153.67,4,,,,,To discuss the shifting of a white majority to a non-white majority population in the United States.,4,4,2,More births by hispanic people. Flat rate of births by white populationi,1,1,2,2,2,5,17,17,3.438,100.053,101.539,12,3,3,2,3,1,2,1,2,58,5,10,2,White people are feeling threatened by the increasing minority population.,,Status Threat
100,398,1,1,3,,1,1,1,22,1,1,1,,,,,,14.007,69.933,70.574,12,"To explain at what point minority groups will make up a larger percentage of the US population than people of Caucasian background, and why.",4,3,1,"Higher birth rate among minority groups, for example 9 births to 1 death in hispanics but 1 to 1 in white.",2,3,1,3,3,5,18,14,8.51,70.155,70.658,45,3,4,1,5,1,4,2,1,22,5,4,2,Those with conservative beliefs are more influenced by the racist commentary of the article.,,Assuaged Threat
100,375,1,2,3,,1,1,1,32,1,3,3,,0,0,46.903,0,,,,,To demonstrate the decline of White populations,4,5,2,birth rates for non-white groups,6,6,1,4,3,7,17,14,2.753,83.034,84.134,14,3,2,2,4,3,5,1,3,66,7,3,1,no sure ,Yes:  It's not my racial identity that I relate to but rather my age group and status as a SENIOR who is now living on a limited income of social security.,Status Threat
100,282,1,1,3,,1,1,1,24,1,1,1,,,,,,0,0,45.851,0,Inform about demographic change,4,4,1,Lower birth rates,2,2,3,1,2,3,17,16,4.644,71.339,72.189,15,1,5,1,3,1,3,1,1,34,3,3,2,Not sure,,Assuaged Threat
100,294,1,2,3,,1,1,1,40,1,1,1,,0,0,95.647,0,,,,,Future population growth in the US relating to what race the population will be,1,4,2,More interracial relationships,2,2,1,2,1,4,18,15,10.466,57.158,58.452,9,3,4,1,2,1,1,1,1,22,3,3,2,That the racial demographics of this country will change a lot in the coming decades,,Status Threat
100,978,1,1,3,,1,1,1,47,6,6,3,,,,,,29.51,165.956,170.209,36,Shed Light on Quickly Changing Population Demographics in U.S.,4,3,1,Immigration ,2,1,2,3,2,2,17,17,17.839,183.158,184.053,51,3,2,4,6,2,6,3,6,70,5,9,2,Change in US demographics where whites are the minority won't change the levels of discrimination.,None.,Assuaged Threat
100,678,1,2,3,,1,1,1,48,1,2,1,,,,,,4.931,12.846,112.844,2,to discuss how white people will become the minority group in the united states much faster than predicted,4,4,1,Hispanic families are having more babies (9 for every 1 death or something) while white people are pretty much breaking even. They also cited the amount of immigration.  ,1,1,2,3,3,2,18,14,5.307,85.064,88.425,10,3,3,2,4,2,3,1,2,43,6,7,2,Do white people feel threatened by the shift in demographics. ,"I said I am uncertain about America's future, but that's not because I'm worried I'll lose anything due to immigration. I'm worried about the current political landscape and whether or not America will still be a democracy after the next election.",Assuaged Threat
100,344,1,1,3,,1,1,1,39,2,2,1,,40.608,40.608,42.144,1,,,,,to tell you that minorities will be the majority faster than expected,4,4,2,lots of births in the Hispanic population,1,2,1,3,3,6,18,13,8.917,44.972,45.94,15,3,3,1,6,1,4,4,2,39,2,5,2,to see how reading the article influenced my opinions,,Status Threat
100,338,1,2,3,,1,1,1,4,6,3,2,,5.406,49.053,49.795,18,,,,,Decline in white boomers making babies ,4,5,2,White people no longer having kids,3,3,3,1,1,4,19,16,7.447,102.057,102.901,40,3,2,3,4,7,4,7,6,29,2,4,2,Racial minorities ,None,Status Threat
100,419,1,1,3,,1,1,1,2,7,7,2,,,,,,0,0,67.354,0,to show the consensus for future generation racial majoritys and minoritys,4,5,2,higher birth rates from young hispanic families,2,2,6,1,3,7,19,13,12.631,82.374,83.476,9,5,1,3,7,7,7,1,7,24,2,2,2,to determine people actually feeling on racial majority and minority,,Assuaged Threat
100,503,1,2,3,,1,1,1,4,2,2,1,,0,0,113.175,0,,,,,White Americans Could be the Minority Quicker that Expected,4,3,2,Birthrate ,1,1,2,4,2,6,18,16,9.443,82.929,84.944,8,3,3,3,6,1,2,1,2,73,5,7,2,Will white American's remain the dominate group in the future,,Status Threat
100,326,1,1,3,,1,1,1,34,6,6,2,,,,,,0,0,74.548,0,To show whites will become a minority in 1 generation,1,5,2,economy improves,2,2,6,1,6,6,18,18,6.7,54.989,56.046,14,5,1,2,7,1,7,7,7,49,2,3,2,How different groups react to a news article,,Assuaged Threat
100,325,1,3,3,,1,1,1,10,4,4,3,,,,,,8.864,64.578,68.299,19,Racial minorities will become the majority ,4,5,2,Immigration and not a lot of whites are having children ,1,2,4,2,2,5,17,16,4.85,52.938,53.919,27,3,2,3,6,4,4,4,4,28,5,3,2,Understand views about the US,,Assuaged Threat
100,390,1,2,3,,1,1,1,26,1,2,1,,3.312,50.233,51.002,11,,,,,To inform that the Census believes non-Hispanic whites will be the minority and diverse races will make up the majority by 2040,4,5,2,Higher immigration and birth rates among minorities ,1,2,1,2,3,1,18,13,2.195,67.784,69.183,22,3,5,2,1,1,2,1,1,35,2,2,1,To determine whether I feel threatened by the decrease of white Americans in society,,Status Threat
100,202,1,2,3,,1,1,1,11,5,3,3,,3.371,36.812,43.357,9,,,,,to inform about the state of the US,4,3,2,increased immigration ,1,2,5,2,2,5,17,17,3.478,38.268,39.08,33,3,2,2,7,4,7,4,4,28,2,4,2,the US will be majority minorities by 2042,,Status Threat
100,408,1,2,3,,1,1,1,44,1,1,1,,,,,,6.658,42.359,43.501,13,exploration of demographic trends,4,4,2,differing birthrates of different racial groups,1,1,1,4,6,6,18,13,4.519,73.536,74.3,36,4,4,3,3,1,2,1,2,57,5,5,2,racial minority groups will increase in the future,,Assuaged Threat
100,435,1,2,3,,1,1,1,24,1,1,1,,2.206,151.55,153.326,10,,,,,"To educate and convey that racial minority populations will exceed whites sooner than predicted, in 2042",4,3,2,Higher Hispanic birth rates,2,2,1,3,2,4,18,18,3.118,49.781,51.694,21,3,3,1,1,1,1,1,1,29,6,5,2,"That reading the article would shape how people would respond to the questions, ie. White Americans would feel more threatened and answer conservatively to questions s ",,Status Threat
100,275,1,2,3,,1,1,1,23,5,2,3,,,,,,0,0,74.215,0,to show that whites will be in the minority in the near future,4,4,1,hispanic people are having more babies and have a higher birth:death ratio than white people,1,1,3,3,5,3,14,14,5.769,49.106,49.688,9,3,4,3,7,2,6,1,4,28,7,5,2,that people who heard the story were more likely to agree with it ,none,Assuaged Threat
100,884,1,2,3,,1,1,1,10,6,6,2,,,,,,74.007,74.007,220.608,1,A racial minority numbers compared to majority in the US,4,5,1,white baby boomers are starting to age and minority groups having more babies.,1,1,6,2,5,6,18,15,16.375,170.226,171.36,8,5,1,5,7,4,7,5,6,52,4,4,2,Whites will become the minority long before originally predited,,Assuaged Threat
100,393,1,1,3,,1,1,1,25,5,5,4,Non Affiliated ,,,,,0,0,65.188,0,Showing the rising of the White minority.,1,4,1,child birth,1,2,4,1,1,5,18,17,10.654,79.069,79.664,15,3,1,1,4,3,4,2,4,29,4,1,2,collected data,,Assuaged Threat
100,779,1,1,3,,1,1,1,10,1,1,1,,21.333,124.152,142.157,9,,,,,The purpose of this release is to inform readers that by 2042 the U.S. will a majority minority state.,4,2,2, A rise in immigration and Hispanic birthrate.,2,2,1,2,3,5,18,17,4.161,103.822,107.01,13,2,5,1,2,1,1,1,2,27,5,1,2,Minority populations are growing faster than the white population,The article seemed like a racist dog whistle,Status Threat
100,339,1,2,3,,1,1,1,36,1,2,1,,,,,,0,0,103.768,0,To show that non-whites will hold the majority of the population of the US sooner than expected.,4,4,1,"Because of immigration, there are more and more hispanics in the US....the birth rate of hispanics is 9 births to 1 death, while the white population is 1 for 1",1,1,4,2,2,4,17,15,4.033,49.964,51.052,11,3,3,2,3,1,6,1,2,60,2,9,2,"I'm not sure, to be honest",,Assuaged Threat
100,408,1,2,3,,1,1,1,23,5,4,3,,14.344,58.511,76.061,5,,,,,To talk about changing demigraphics if US population ,4,4,2,Birth rate,2,3,2,2,3,3,18,14,6.336,72.532,73.271,26,3,3,3,6,5,6,4,5,35,5,7,2,To see how people would respond to being a racial minority,,Status Threat
100,528,1,2,3,,1,1,1,34,1,1,1,,3.948,3.948,81.381,1,,,,,to talk about white people becoming the minority group way earlier than once anticipate,4,4,2,white baby boomers are no longer having babies but the younger hispanic crowd is ,1,2,1,4,4,7,19,18,0.642,175.313,176.488,21,1,5,2,1,2,2,1,1,34,3,2,2,minority groups will be prominent by 2040,,Status Threat
100,482,1,2,3,,1,1,1,44,5,5,1,,,,,,23.094,75.357,81.922,11,How us demographics are changing,4,5,2,Influx of immigrants ,1,1,6,2,2,5,18,15,13.553,105.923,107.102,36,3,1,5,7,1,7,5,5,52,5,8,2,Political affiliation and views on minorities ,,Assuaged Threat
100,535,1,2,3,,1,1,1,6,2,2,1,,134.96,134.96,138.696,1,,,,,racial minorities are becoming the majority in america ,4,4,2,more hispanic births while while births have decreased,1,2,2,1,2,6,18,16,12.319,93.201,94.337,15,3,4,2,4,1,4,1,2,25,5,9,2,something about political beliefs ,,Status Threat
100,650,1,2,3,,1,1,1,39,2,2,1,,0,0,114.797,0,,,,,How minorities could change the election. Minorities could be the majority by 2050. ,4,4,2,Increased births among the Latinos ,2,2,2,2,1,2,17,14,21.659,143.553,149.396,8,4,2,3,6,1,4,2,3,55,3,4,2,Increase in minority population ,,Status Threat
100,749,1,2,3,,1,1,1,47,1,1,1,,,,,,0,0,134.047,0,To provide details about the shift in US population demographics away from a white majority.,4,4,1,immigration and continued decrease in white population birth rates while other populations will have increasing birth rates.,1,1,2,2,3,7,18,17,33.014,112.932,114.269,10,3,4,5,6,3,7,1,2,67,6,4,2,The US population is becoming increasingly diverse and less Caucasian at a faster than expected pace. .,,Assuaged Threat
100,367,1,2,3,,1,1,1,14,2,2,1,,8.025,47.654,65.391,4,,,,,To inform people of an updated prediction regarding the racial make-up of the US,4,5,2,Higher birthrates for non-white individuals than expected,1,3,2,2,2,5,17,15,7.739,65.851,67.047,12,2,4,1,3,1,4,1,2,27,6,5,2,How reading an article about changing minority/majority groups impacts feelings toward certain policies,,Status Threat
100,510,1,2,3,,1,1,1,43,1,2,1,,2.209,79.494,80.9,8,,,,,Statement on change in population statistics,4,4,2,"Baby boomers are generally past child bearing age, while Hispanics are having children at a 9:1 ratio.",1,1,6,2,6,6,19,16,22.287,114.736,115.765,21,3,1,1,7,1,6,1,2,60,3,2,2,no idea,,Status Threat
100,418,1,2,3,,1,1,1,24,1,1,3,,,,,,0.678,94.522,110.131,2,To state that minority people are estimated to be the majority as of 2042.,4,5,1,The lack of white births and the increase in Hispanic births.,1,1,1,2,3,5,19,18,0.626,68.344,69.207,17,3,4,2,2,1,4,1,2,51,5,3,2,Racial disparity,,Assuaged Threat
100,348,1,1,3,,1,1,1,39,2,2,3,,,,,,4.533,10.184,53.234,2,The purpose of the press release is to communicate the findings of a new analysis of 2020 U.S. Census Bureau data regarding the demographic shifts in the United States.,4,3,1,One of the main reasons outlined in the press release for the expected demographic shift is the combination of rapid immigration growth and significantly higher birthrates among racial and ethnic minorities.,2,2,2,2,2,4,16,14,4.733,61.134,61.918,39,1,3,1,4,1,6,2,2,27,3,7,2,American population thoughts on demographic changes.,,Assuaged Threat
100,364,1,2,3,,1,2,1,37,1,2,1,,,,,,0,0,73.832,0,draw attention to population changes and racial disparities,4,5,1,immigration,1,1,4,4,4,5,19,16,10.92,71.863,72.946,10,2,4,3,6,2,7,1,2,44,7,6,2,not sure,,Assuaged Threat
100,436,1,1,3,,1,1,1,22,3,5,3,,0,0,124.051,0,,,,,Inform the readers that minority populations are growing faster than originally thought,4,3,2,Radical immigration,1,1,2,3,5,1,17,14,8.922,77.458,78.057,18,3,4,2,7,5,6,2,4,30,6,8,2,Understand how white Americans feel about the changing landscape in terms of minorities,,Status Threat
100,550,1,2,3,,1,1,1,15,2,1,1,,,,,,1.604,130.646,137.796,36,White people will become minority faster than predicted. ,4,5,2,White boomers are not having babies now ,1,1,5,2,4,6,18,15,7.449,116.692,119.129,54,2,4,1,2,1,1,2,2,50,5,10,2,Assessing political views about race in the US. ,,Assuaged Threat
100,1069,1,2,3,,1,1,1,38,1,2,1,,1.104,373.527,374.338,69,,,,,To show racial diversity in population,4,5,2,Racial minority births,3,2,3,2,1,7,19,15,68.027,243.721,245.221,50,5,1,3,6,2,7,1,3,31,3,1,2,White americans will soon be the minority in the US,,Status Threat
100,655,1,2,3,,1,1,1,10,3,5,3,,,,,,0,0,198.667,0,inform on possible upcoming change in racial minority populations,4,4,1,"more minorities, specifically Hispanics, are having more children than whites.",1,1,1,2,5,6,18,16,15.194,161.291,161.911,16,2,2,2,6,3,2,1,4,22,5,6,2,not sure,,Assuaged Threat
100,567,1,2,3,,1,1,1,24,2,2,1,,0,0,141.177,0,,,,,To discuss trends of demographics and population in the future.,4,5,2,The white population has a lower birth to death ratio than minorities.,1,2,2,3,3,5,17,14,15.327,116.742,117.781,9,2,4,3,4,1,2,2,2,33,6,9,2,Political views and how they affect views on the population change,,Status Threat
100,291,1,1,3,,1,1,1,5,5,6,1,,,,,,1.211,36.866,41.495,30,To get the cecis right,1,2,1,To keep everybody good,1,1,1,4,6,5,19,17,4.698,27.086,27.6,23,5,1,4,1,1,5,1,3,40,4,4,1,The races in americar,,Assuaged Threat
100,619,1,1,3,,1,1,1,22,1,2,1,,4.199,115.963,142.101,12,,,,,Call attention to the rise of the white population becoming a minority quicker than expected ,4,4,2,Baby boomers surpassing child bearing age ,2,2,2,3,4,2,17,14,1.839,123.896,125.54,31,3,2,3,5,4,5,2,2,61,6,10,2,Are whites becoming a minority and will this change society ,,Status Threat
100,402,1,2,3,,1,1,1,39,1,1,1,,,,,,4.956,80.545,99.387,7,The population of the the United States changing. And minorities being the more,4,5,2,Baby boomers are past child bearing years and Hispanics are pregnant more,1,1,1,3,1,4,16,13,5.432,65.919,66.797,25,3,3,1,4,1,4,5,1,55,3,6,2,No idea,,Assuaged Threat
100,768,1,2,3,,1,1,1,17,2,3,3,,,,,,0,0,136.716,0,To discuss changing demographics in the United States,4,3,1,Hispanic Americans are having substantially more children than White Americans.,1,1,1,2,3,6,18,14,23.283,134.694,135.848,9,3,3,2,3,1,1,2,3,43,6,3,2,People in power fear that their status and influence will decrease as minority groups gain a place in the country.,,Assuaged Threat
100,574,1,2,3,,1,1,1,8,1,2,1,,0,0,135.064,0,,,,,the purpose of the press release is to report that the population is becoming more ethnically diverse faster than expected,4,4,2,one of the main reasons for the demographic shift is the higher birth rates in the minority groups,1,2,2,4,4,5,17,16,11.873,78.71,79.887,9,3,3,1,2,1,4,2,2,55,5,7,2,the hypothesis of this study is to determine if the article influences the participant's answers to the follow up questions,,Status Threat
100,713,1,1,3,,1,1,1,48,5,7,2,,0,0,94.529,0,,,,,To notify Americans of the statistics and what is happening.,4,3,2,"Whites are at 1 baby to 1 death, compared to other racial groups that are having more babies than deaths.",3,3,3,2,2,5,17,14,24.054,133.297,134.449,9,3,3,3,7,6,7,5,5,46,5,8,2,To see if different articles changed views.,,Status Threat
100,635,1,2,3,,1,1,1,51,4,5,3,,7.439,126.918,135.435,5,,,,,To inform people that the minority group will be the majority groups by 2042,4,4,2,increase in immigration,1,1,1,2,5,3,19,14,13.377,99.76,100.363,27,3,2,5,3,3,3,3,4,38,5,7,2,Political affiliations and beliefs on policies,,Status Threat
100,557,1,2,3,,1,1,1,39,6,6,2,,,,,,0,0,112.868,0,The purpose of the press release was to report findings about demographic changes in the United States since the Census. The article reported that non-Hispanic whites will soon be the minority among races in the United States.,3,4,2,"Increasing immigration, baby boomers reaching non-childbearing age and Hispanics having more children.",1,1,5,2,2,3,17,17,7.621,59.057,59.945,8,4,1,5,6,2,7,6,5,34,5,6,2,I think the purpose of this study was to examine how people process information on change based on their political ideologies. ,Thank you!,Assuaged Threat
100,531,1,2,3,,1,1,1,10,1,1,1,,0,0,118.697,0,,,,,To inform readers about new developments in census data.,4,4,1,Immigration and higher birth rates.,2,2,1,4,2,3,17,18,11.049,76.219,77.261,11,1,5,1,1,1,2,1,1,22,5,10,2,"If participants read an article with specific language, then their answers to subjective questions about the article will be swayed.",,Status Threat
100,679,1,2,3,,1,1,1,6,7,7,2,,,,,,0,0,187.721,0,Whites will be the minority race by 2040.,4,3,1,Hispanics have 10 times more children than whites. ,1,2,6,2,5,2,17,16,19.288,80.631,81.665,8,3,1,3,7,7,4,1,6,68,4,2,2,What white people have to say about the article. ,"I don't care what color or race a person is, but it seems that the wrong kind of people are having too many kids. Putting a bunch of craziness in the country. ",Assuaged Threat
100,239,1,2,3,,1,1,1,49,1,2,3,,,,,,0,0,78.054,0,to talk about how america will become a white minority country soon ,4,4,1,more hispanic/latinos are having children than other groups ,1,1,2,2,2,5,18,14,3.199,42.097,43.233,17,3,2,1,2,1,1,2,1,29,6,6,2,which groups of americans feel threatened by becoming a minority ,none,Assuaged Threat
100,329,1,2,3,,1,1,1,48,5,6,3,,0,0,72.209,0,,,,,To share information regarding how minorities will make up a majority of the US population more quickly than expected.,4,4,2,High hispanic birth rates,1,1,5,2,2,6,,16,10.78,70.501,71.187,13,3,1,3,7,7,6,5,5,43,5,6,2,To gather opinion on topics based on an article that was presented.,,Status Threat
100,308,1,1,3,,1,1,1,11,1,1,1,,24.451,80.059,85.599,11,,,,,"To examine how demographics are changing the US, with regards to white people becoming a minority.",4,3,2,Birth rates are much higher among minorities than whites.,1,1,2,2,3,6,18,13,7.047,57.992,58.979,12,3,2,3,4,1,2,1,1,28,5,4,2,gauge ideas of racial demographics and their effects on US society,,Status Threat
100,568,1,2,3,,1,1,1,48,1,2,1,,0,0,136.143,0,,,,,Predicting that ethnic minority groups will be the majority of the population by 2042,4,4,2,Hispanic people have a death to birth rate of 1:9 whereas white people have a rate of 1:1.,2,3,2,3,2,3,17,14,11.744,109.407,110.583,9,2,5,2,4,1,4,1,2,26,5,3,2,Racial minorities will become the majority of the population soon.,,Status Threat
100,749,1,2,3,,1,1,1,44,5,3,2,,36.118,199.589,203.935,8,,,,,To inform the reader of the theory that by 2042 non-Hispanic “whites” will be considered the minority.,4,4,2,People of racial minorities are having more children and the white baby boomers are past child bearing years. ,2,1,5,4,3,3,17,15,6.895,117.583,118.801,28,3,2,3,6,2,7,2,5,33,3,3,2,To see if the information we attained through the article compelled us to answer questions differently given that information.,,Status Threat
100,380,1,1,3,,1,1,1,14,3,3,3,,0,0,80.04,0,,,,,To talk about how white people will be the minority in the future,4,3,2,Immigration and a large increase in births in the Hispanic community,1,1,1,3,3,5,18,15,12.152,87.902,89.405,8,3,3,1,5,3,4,1,4,27,6,10,2,"In the future, white people will be the minority",,Status Threat
100,565,1,2,3,,1,1,1,44,6,5,2,,0,0,156.844,0,,,,,To explain a shift in the racial makeup of US population.,4,4,2,Hispanic immigration,1,1,3,2,2,5,17,14,16.56,108.678,109.494,10,2,2,4,6,5,5,2,6,55,6,9,2,If reading the article would influence my answers to the questions that followed.,,Status Threat
100,543,1,1,3,,1,1,1,18,2,2,1,,,,,,38.282,168.872,170.079,37,To announce that minorities will outnumber whites in the US  faster than previously pre.,4,3,1,Whites are not having more children. Hispanics are having more children. ,1,1,2,3,3,4,17,15,10.122,105.951,106.977,44,3,3,2,3,5,2,2,3,46,5,3,2,Testing political beliefs ,Thanks ,Assuaged Threat
100,425,1,1,3,,1,1,1,36,1,7,4,Socialist,,,,,0,0,41.04,0,Communicate shift in demographics,4,4,2,Immigration,1,2,6,1,2,5,,13,10.239,85.242,86.787,14,1,5,1,4,1,1,1,1,42,4,10,2,Gauge shifting racial demographics into a political backdrop,,Assuaged Threat
100,399,1,2,3,,1,1,1,31,1,1,1,,0,0,76.492,0,,,,,to show the growing diversity in the United States,4,5,2,birth rates in Hispanic populations vs. birth rates in White populations,1,2,1,4,3,6,17,17,4.913,47.264,48.648,9,3,3,3,2,1,1,1,2,60,3,9,2,do White people see the growth of minority populations as a threat to their way of life,,Status Threat
100,465,1,2,3,,1,1,1,44,1,2,3,,,,,,0,0,127.065,0,Inform readers about a predicted shift in minorities in the US,4,3,1,Growth of the Hispanic/Latino population while the White population remains flat. ,2,1,2,2,2,3,17,15,8.336,65.123,66.281,12,2,4,1,3,1,2,1,3,31,5,4,2,Something to do with racial bias,,Assuaged Threat
100,386,1,2,3,,1,1,1,39,5,5,2,,9.19,51.735,53.822,7,,,,,To inform that the minority race will be white Americans by 2042.,4,5,2,White baby boomers generation is past the childbearing age.,1,1,6,2,2,6,19,16,7.149,81.114,82.057,20,5,1,4,4,6,7,5,5,54,4,4,2,Racial minorities,,Status Threat
100,473,1,2,3,,1,1,1,48,6,4,2,,,,,,5.283,96.917,99.201,22,"To inform that by 2042, the White population will be less than 50%.",4,3,2,Hispanic population boom.,2,3,1,1,1,5,18,13,3.67,53.321,53.721,44,3,5,2,7,7,4,1,6,45,5,8,2,People of different backgrounds can read the information at varying degrees.,Nope,Assuaged Threat
100,206,1,2,3,,1,1,1,6,1,1,1,,38.849,43.994,45.335,5,,,,,to deliver the information that white will be the likely minority,4,4,2,immigration,2,5,1,3,5,5,16,16,2.392,22.64,23.853,8,3,3,3,4,4,4,4,2,36,5,6,2,whites will be the minority,,Status Threat
100,826,1,2,3,,1,1,1,38,5,5,3,,,,,,0,0,156.888,0,To show a shift in demographics.,4,4,1,Immigration. ,1,1,6,2,2,4,18,17,15.932,164.203,166.063,9,4,1,3,7,3,7,2,5,44,4,1,2,Something to do with racial prejudices I'm guessing.,No,Assuaged Threat
100,291,1,1,3,,1,1,1,11,1,1,1,,10.682,36.748,41.156,5,,,,,To discuss how white people are on track to becoming a minority population sooner than expected,4,4,2,Immigration,2,5,2,1,1,4,18,13,6.786,69.054,69.87,15,2,5,1,4,1,1,1,1,29,3,1,2,Judge how reading an article can influence political perspectives,,Status Threat
100,308,1,1,3,,1,1,1,11,1,1,1,,0.577,53.407,66.988,7,,,,,To declare the shift in racial makeup in the US is occurring faster than anticipated ,4,4,1,Whites are dying out and not having as many children as non-whites,1,2,4,2,3,4,14,16,4.33,43.062,43.734,13,3,4,4,7,1,5,2,3,58,5,1,1,That things are shifting faster than anticipated ,,Status Threat
100,912,1,1,3,,1,1,1,16,6,3,1,,1.709,69.83,119.491,6,,,,,To inform people about a change in minorities in america.,1,4,2,It would be because of geographical locations.,1,1,3,2,2,5,17,16,0.584,471.529,472.428,45,3,2,4,4,2,4,4,5,34,3,2,2,People are racist,,Status Threat
100,405,1,2,3,,1,1,1,41,4,6,3,,0.692,68.542,85.951,25,,,,,To show the ratio of races of people ,4,3,2,Hispanics having more babies,1,2,2,1,2,4,18,16,2.58,89.74,90.288,33,3,3,3,4,1,7,4,4,21,2,3,2,To see how people feel about races,,Status Threat
100,557,1,2,3,,1,1,1,15,2,2,1,,,,,,0,0,156.969,0,Discussing the direction of diversity in the country.,4,5,2,The white populations birth rates have decreased while the racial minorities birth rates have rised.,4,2,3,2,2,3,17,15,10.904,99.2,100.412,13,2,3,2,4,1,4,2,2,35,3,5,2,To gather input on how people perceive the direction the US is going ,,Assuaged Threat
100,473,1,2,3,,1,1,1,47,3,3,3,,2.493,130.479,131.636,5,,,,,white people may become a minority sooner than thought,4,5,2,more young Hispanics are having babies ,1,2,2,2,2,4,18,14,1.401,97.803,99.074,28,2,5,1,1,1,4,2,2,27,2,4,2,I'm not sure,N/A,Status Threat
100,348,1,1,5,,1,1,1,5,7,6,2,,,,,,4.195,61.104,73.929,7,Changing racial demographics ,4,5,1,Whites having fewer babies versus hispanics ,1,3,6,1,1,6,18,13,5.085,69.377,70.015,24,5,1,2,7,3,7,6,7,37,4,4,2,"Despite an increase in population numbers, whites will still be at a socioeconomic advantage ",,Assuaged Threat
100,386,1,2,3,,1,1,1,29,1,1,1,,,,,,0,0,72.858,0,To talk about how white Americans are likely going to be a racial minority sooner than had been predicted.,4,5,2,White boomers are past child-bearing age and younger hispanic people are having more kids.,1,1,2,3,3,6,18,14,8.088,61.74,62.912,8,3,3,1,3,1,4,3,1,42,5,5,2,That the change in the racial majority in the US will bring about cultural change,n/a,Assuaged Threat
100,558,1,1,3,,1,1,1,26,6,5,2,,,,,,0,0,98.502,0,Project minority change,4,4,1,Aging out,2,2,2,3,4,6,17,14,9.677,154.204,155.568,10,3,5,4,6,5,3,4,6,44,5,8,2,White population losing majority designation,,Assuaged Threat
100,456,1,1,3,,1,1,1,6,3,3,3,,,,,,6.328,29.174,52.526,5,Demographics ,4,5,1,Immigration and birthrates among minorities,2,2,2,4,5,4,18,14,8.111,77.158,77.927,9,3,3,3,7,2,5,2,4,69,5,10,2,Demographic changes in America,,Assuaged Threat
100,408,1,2,3,,1,1,1,10,1,1,1,,14.844,52.889,56.696,11,,,,,To explain why minorities will outnumber whites earlier than was expected.,4,3,1,Higher birth rates of Hispanics.,1,2,1,3,1,6,18,13,5.35,64.511,66.479,27,3,3,1,2,1,2,1,1,58,3,2,2,To see the reactions of people to this news.,,Status Threat
100,272,1,2,3,,1,1,1,33,2,2,1,,8.826,62.986,64.585,14,,,,,Minorities may become majorities ,4,3,2,More Hispanics having children at a higher rate then white race,1,1,1,3,3,1,13,13,2.968,36.797,37.506,26,1,3,3,1,1,4,1,4,39,3,6,2,Majorities will change in 20 years,,Status Threat
100,513,1,2,3,,1,1,1,16,4,4,3,,2.447,59.467,63.079,14,,,,,Racial minorities will outnumber White Americans sooner than predicted ,4,4,1,Hispanics birth rates have risen,2,1,6,2,1,5,19,17,10.18,86.006,86.585,40,4,1,5,7,2,7,2,4,31,5,3,2,To see if our race influences our opinions about citizenship.,,Status Threat
100,511,1,2,3,,1,1,1,36,5,5,2,,,,,,0,0,281.849,0,to let everyone know the studies of politics,4,4,2,gen z,2,2,4,4,4,4,16,16,0.909,15.344,16.976,9,3,3,3,4,4,4,4,4,21,5,10,2,i dont know,,Assuaged Threat
100,324,1,2,3,,1,2,1,26,1,1,3,,4.83,68.918,76.763,8,,,,,To discuss how racial minorities are becoming the majority,4,5,2,Younger women are having children,2,1,1,2,1,6,19,18,8.46,72.817,73.651,36,2,4,1,1,1,1,1,1,30,6,6,2,How certain demographics process info,,Status Threat
100,238,1,1,3,,1,1,1,43,5,3,3,,41.005,41.005,42.502,1,,,,,To show that minorities will soon be the majority in the US,4,4,2,Baby boomers who are white being past their childbering years.,1,2,5,2,2,4,17,14,1.997,36.802,37.808,17,3,2,2,5,1,7,1,4,42,5,4,2,Thoughts on immigration,,Status Threat
100,492,1,2,3,,1,1,1,38,5,6,2,,,,,,0,0,144.057,0,That White Americans will be the minority soon er then expected.,4,1,1,Immigrations and the birth rate of Hispanic babies.,1,1,5,1,2,5,15,17,8.415,67.077,67.891,8,4,1,3,5,4,7,1,6,55,3,1,2,Do whites disagree?,,Assuaged Threat
100,621,1,1,3,,1,1,1,24,1,2,1,,,,,,0,0,178.674,0,The purpose is to point out that whites no longer being a majority is happening a little faster than expected,4,3,1,"Whites are having children at a rate of roughly 1 child per 1 death, whereas Hispanics were stated as having roughly 9 children per 1 death",2,1,2,2,3,5,18,17,7.816,69.389,70.382,10,2,4,1,2,2,4,2,2,52,5,3,2,Maybe to see how white people respond to this change in demographics,"I do think that American society is becoming worse -- just look at the state of our politics, and hate crimes, and hate laws, and just lots of general regression (e.g. roe v wade).  However, I don't think this is because of the demographic changes mentioned in this study.  ",Assuaged Threat
100,591,1,2,3,,1,1,1,20,7,7,2,,,,,,0,0,214.93,0,Update information on minority population shifts.,4,5,2,Increased immigration,2,2,4,1,2,5,18,13,3.841,86.504,88.021,9,3,1,2,7,4,7,4,7,52,3,4,2,Immigration has the potential to make large shift in our society,n/a,Assuaged Threat
100,625,1,2,3,,1,1,1,23,2,2,1,,,,,,0,0,195.145,0,Discusses the change in when it is predicted that whites will become the minority in the US.,4,4,1,"Higher birth rates among minorities, especiallyy Hispanic/Latino",1,2,2,3,5,3,17,16,18.45,98.678,99.97,10,2,4,4,5,3,4,1,2,70,6,6,2,"While minoritie groups collectively become the majority, social status will remain unchanged.",,Assuaged Threat
100,722,1,2,3,,1,1,1,4,2,2,1,,,,,,0,0,212.531,0,To report on projected increase in racial minorities as a percentage of the US population,4,4,1,Increased immigration and higher birthrates among racial minorities,2,1,2,2,4,5,18,17,7.787,117.834,118.903,9,3,3,2,2,2,6,2,2,69,5,5,2,Increased population of racial minorities will impact perception of US society,,Assuaged Threat
100,613,1,1,3,,1,1,1,36,7,3,3,,0,0,96.746,0,,,,,The report on racial minority growth in the United States,4,5,2,Unprecedented immigration,2,1,5,2,2,5,19,13,9.458,110.811,111.879,8,3,1,3,7,6,4,5,7,59,3,2,2,With enough information people can make informed decisions,Throwing money at a problem will not fix it...smart management is called for and greatly lacking in the buerocricy our government has become ,Status Threat
100,375,1,1,3,,1,1,1,10,2,6,3,,0,0,58.801,0,,,,,To hypothesize and predict on future demographics.,3,5,2,White baby boomers aging and more Latinos having children.,2,2,2,2,5,3,15,16,5.78,38.851,40.001,11,3,3,1,4,1,2,2,4,61,5,4,2,Decision on race and future implications ,none,Status Threat
100,419,1,2,3,,1,1,1,15,2,3,1,,,,,,4.059,245.819,249.021,7,To reveal the belief that whites may become a minority ,4,4,2,Higher birth rates among Hispanics,1,1,2,2,3,5,18,17,3.148,41.539,41.95,29,2,3,3,4,1,5,5,3,23,5,5,2,How people feel about racial minorities ,,Assuaged Threat
100,741,1,2,3,,1,1,1,41,4,4,3,,,,,,0,0,196.668,0,"To inform that White americans would no longer be the majority, which was expected to happen, just not quite so soon. It also explained why this is happening. ",4,3,1,More immigrants moving into the country and having more children. ,1,1,3,2,1,2,18,16,20.146,110.259,111.235,11,3,4,2,4,1,6,1,4,42,5,5,2,People would be unaware of the shifting population among whites and minorities. ,"I think we all have skin. We focus far too much on skin color, and continuing to do so only continues to divide us, no matter what your intentions. ",Assuaged Threat
100,521,1,2,3,,1,1,1,44,3,2,3,,3.104,82.15,83.161,33,,,,,To inform that racial minorities together will soon be the majority ,4,4,2,"White people have a lower birth rate than minorities, particularly Hispanic ",1,1,2,2,6,6,17,17,0.822,103.588,104.605,63,2,4,2,6,1,4,1,2,52,5,2,2,I don't know! That white people generally might feel negatively about this and minorities positive about it?,Ty! Merry Christmas!,Status Threat
100,410,1,2,3,,1,1,1,15,1,1,1,,0,0,101.364,0,,,,,To show that white people may be the minorities in america sooner than originally predicted. ,4,4,2,Higher birth rates among racial minorities. ,1,1,1,3,3,1,17,13,4.136,58.831,59.652,12,1,5,1,2,1,1,1,1,28,5,3,2,That white people would be upset they will soon be minorities. ,no,Status Threat
100,827,1,2,3,,1,1,1,34,1,1,1,,4.119,129.041,130.282,28,,,,,To explain how minority groups are expected to become the majority of the population in the United States in much less time than originally predicted. ,4,3,2,Much higher birth rates among Hispanics compared to whites. ,1,1,2,3,3,2,17,13,8.447,135.703,136.723,94,3,2,2,4,1,5,1,2,59,3,2,2,How the way you feel about minorities related to your political beliefs ,Thanks,Status Threat
100,345,1,2,3,,1,1,1,47,7,7,2,,2.421,46.803,49.009,3,,,,,non white groups will become the majority,4,4,2,whites birth to death ration is 1 to 1. Hispanics is 9 to 1,5,5,4,2,2,6,18,16,16.23,85.541,86.603,15,3,2,4,7,7,6,3,6,52,5,10,2,not sure,,Status Threat
100,507,1,2,3,,1,1,1,14,3,3,1,,,,,,0.792,3.777,222.542,3,to inform on the demographic changes happening in the immediate future of the US,2,4,1,immigration and increase in minority birth rates,2,2,3,3,4,4,17,17,3.718,57.126,61.304,25,3,2,2,4,2,5,2,2,34,6,5,2,diversity will increase more and more,,Assuaged Threat
100,566,1,1,3,,1,1,1,19,6,3,2,,,,,,0.878,109.715,110.428,9,to show statistics about how minorities are surpassing white population numbers,4,3,1,Hispanics are having more children ,2,4,2,2,1,3,19,15,1.935,139.287,139.996,24,3,1,2,7,1,7,2,6,27,3,2,2,to see how we feel about minorities surpassing white ,,Assuaged Threat
100,404,1,2,3,,1,1,1,34,1,1,1,,0,0,90.013,0,,,,,To discuss projected racial minority increases in population compared to non-hispanic whites.,4,3,1,Immigration and higher birth rates among hispanic population,1,2,1,4,4,6,17,13,7.351,66.366,67.446,18,2,3,1,6,1,3,1,2,39,7,6,2,Different political affiliations will interpret population data differently,"A question asked which racial group will have more status in 2040, and I stated whites. Although I do see that there will be an increase in hispanics, I still think that whites will hold the majority of the status and power.",Status Threat
100,579,1,2,3,,1,1,1,33,2,2,1,,,,,,0,0,146.072,0,to give information about shifts in minority population trends,4,4,1,minorities are having more babies than white Americans and there is more immigration ,2,2,2,3,3,2,14,17,27.691,137.375,138.345,13,3,2,1,2,1,6,2,2,34,6,8,2,to see how different political groups react to this article ,some of these questions were too long,Assuaged Threat
100,343,1,2,3,,1,1,1,45,1,1,1,,0,0,66.909,0,,,,,To report how demographics are changing more rapidly than predicted.,4,5,2,More racial minority babies being born than white babies.,1,1,1,4,3,2,18,13,7.272,63.096,64.628,11,3,5,1,2,1,1,1,1,61,4,7,2,racial prejudice?,,Status Threat
100,297,1,2,3,,1,1,1,31,1,1,1,,,,,,0.501,80.284,80.855,17,It feels like it's just intended to share the results of the study.,4,3,1,Racial minorities are having babies at a higher rate than white people,1,2,1,3,1,2,17,16,6.947,31.571,32.222,9,3,3,1,2,1,1,1,1,31,5,5,2,I'm not sure.,,Assuaged Threat
100,918,1,2,3,,1,1,1,50,1,2,1,,0,0,159.724,0,,,,,to inform that the US has a larger population portion of minorities rather than white people,4,5,2,"baby boomers are past child rearing age, so now it is a 1:1 ration for white people being born and dying, and for Hispanic people its a 9:1 ratio of people being born versus dying",1,2,1,4,5,6,18,14,10.786,143.703,145.752,8,2,5,1,1,1,4,1,2,26,5,3,2,remembering information that is being presented is susceptible to political ideology bias,,Status Threat
100,511,1,3,3,,1,1,1,6,1,2,4,Socialist,,,,,0,0,108.917,0,To convey demographic information.  It seemed fairly unbiased.,4,4,1,White Americans are having fewer children,2,2,1,1,1,4,16,14,9.156,79.147,80.264,8,3,3,1,3,1,1,1,1,42,5,4,2,"That liberals will interpret the article through one lens, conservatives through another",,Assuaged Threat
100,503,1,1,3,,1,1,1,39,4,4,3,,,,,,12.736,141.781,145.239,22,To educate the number of different races in America in the future,4,4,2,More births from minorites while white stays the same/declines slightly,1,1,5,2,2,5,18,17,9.427,100.162,100.901,29,3,2,3,6,2,7,3,5,25,5,5,2,"That the race knowen as ""white"" will be in the minority one day.",,Assuaged Threat
100,569,1,1,3,,1,1,1,44,5,3,3,,0,0,75.324,0,,,,,To update the projection of when white - no hispanic residents will be in the minority in the United States,4,5,2,Mass immigration and low conception rates among whites,2,2,4,2,4,4,17,16,14.053,111.292,112.4,8,3,1,4,7,6,5,5,5,63,5,7,2,To determine ethnic identity and how it cross references in society,,Status Threat
100,472,1,1,3,,1,1,1,10,4,3,1,,0.262,0.262,102.699,1,,,,,to discuss future demographics,4,4,2,immigration,3,2,2,2,2,5,17,15,98.746,126.486,127.099,9,3,2,4,4,2,4,2,3,21,3,10,2,,,Status Threat
100,452,1,1,3,,1,1,1,40,2,5,3,,,,,,0,0,114.177,0,To show an increase in minorities in the coming years. They will become the  majority.,4,4,1,Immigration,3,1,1,3,5,2,14,16,10.737,95.758,96.587,11,3,3,4,5,1,4,6,4,62,5,3,2,That minorities will  become the majority in the future.,,Assuaged Threat
100,477,1,2,3,,1,1,1,33,2,3,1,,,,,,0,0,122.641,0,To show statistics that point to the decline of the white population in the United States.,4,5,1,The minorities are having more babies.,1,1,3,2,2,5,18,18,6.841,64.79,66.102,9,3,2,3,6,2,7,5,2,75,6,3,2,That things will change pretty drastically ethnicity wise but not as far as whites still predominating in the higher jobs.,,Assuaged Threat
100,875,1,1,3,,1,1,1,44,2,6,1,,0,0,163.727,0,,,,,to show that there is more white people then any body else,3,1,1,white people world,1,1,6,1,1,6,18,18,15.717,239.739,240.901,19,5,1,1,7,1,7,1,4,47,2,1,2,the whites arenot the head person anymore,,Status Threat
100,355,1,2,3,,1,1,1,33,4,4,4,none,,,,,2.607,61.728,63.029,19,Changes in racial demographics,4,5,2,more racial minorities having more children,2,1,1,3,4,4,18,14,1.181,77.31,77.984,30,3,3,2,5,1,3,2,4,35,5,9,2,unsure,none,Assuaged Threat
100,1025,1,1,3,,1,1,1,39,1,1,1,,,,,,0,0,136.126,0,"To show that the amount of racial minorities in the US is growing, to the point where they're technically not even the minority anymore.",4,4,1,Hispanic people are having about 9 times more children than white people.,1,1,2,2,2,6,19,13,19.261,151.914,153.768,10,4,1,1,7,1,7,1,2,24,2,3,2,"Racial minorities will soon become the majority instead,","I wish some of the questions had optional comments to explain our reasoning, a lot of the topics are much more complex than a simple agree or disagree.",Assuaged Threat
100,1501,1,2,3,,1,1,1,39,4,3,3,,17.324,193.476,195.437,2,,,,,To educate people on growing minority levels in the US.,1,4,1,Immigration,4,2,4,3,3,6,17,14,418.13,503.529,504.417,20,2,3,2,4,2,2,2,3,22,4,7,2,People who respond favorably to the article are more liberal.,n/a,Status Threat
100,766,1,1,3,,1,1,1,16,6,6,2,,13.013,175.534,176.836,7,,,,,The purpose is to inform about the potential future changes in the United States ethnic population.,4,3,2,More favorable birth to death rates among Hispanics versus non Hispanic whites.,2,2,3,3,5,4,16,15,13.289,110.693,111.881,19,3,1,4,6,7,5,4,6,52,3,6,2,In the near future traditional the non Hispanic white population will become the minority.,,Status Threat
100,316,1,1,3,,1,1,1,36,4,4,3,,,,,,7.719,54.501,58.297,16,To discuss demographics.,4,4,2,Birth rates. ,2,3,5,2,3,5,17,16,2.168,51.411,52.285,32,4,2,3,6,4,4,4,4,28,5,3,2,Something about processing information. ,,Assuaged Threat
100,415,1,2,3,,1,1,1,45,1,1,1,,0,0,106.38,0,,,,,To release information that racial minorities are now becoming the majority quicker than expected.,4,3,1,"Racial minorities are having more children, about 9 births to 1 death, while whites are maintaining at about a 1 to 1 ratio.",1,2,2,2,1,5,18,14,11.463,68.067,69.347,8,2,4,1,2,1,4,2,1,29,5,4,2,That racial minorities will become the majority within the next 15 years. ,,Status Threat
100,611,1,2,3,,1,2,1,18,1,1,1,,,,,,124.965,151.949,152.75,5,Demographics is showing that we are on track to becoming a minority majority nation sooner than the projected 2050 prediction made earlier.,4,5,1,The birth rate among Hispanics is 9 births for every Caucasian birth and the death rate is even.,1,1,4,5,5,6,17,14,3.34,111.166,112.274,15,3,5,4,1,1,1,1,1,71,5,4,2,Judging people's reactions to the idea of being a minority as a Caucasian. ,,Assuaged Threat
100,259,1,2,3,,1,1,1,7,1,1,1,,,,,,0,0,45.649,0,to explain that racial minorities are going to surpass the white majority,4,4,1,hispanic people having more children than white,1,1,1,3,3,3,17,19,6.482,39.985,40.885,8,3,4,1,1,1,1,1,1,37,6,10,1,people's politics guide their view of news articles,,Assuaged Threat
100,289,1,2,3,,1,1,1,24,2,2,3,,5.862,5.862,41.337,1,,,,,to let people know about changing demograpics,3,4,2,increase in Hispanic population,2,1,1,3,4,1,17,13,24.927,47.496,67.98,5,3,3,1,4,1,7,1,3,41,6,8,2,see how political leaning affected interpretation of the article,,Status Threat
100,394,1,2,3,,1,1,1,43,2,3,1,,0,0,64.74,0,,,,,To inform about the fact that USA minority racial groups may become the majority quicker than expected,4,4,2,There is currently a birth/death ratio of 9:1 for Hispanic people while white people are roughly 1:1,2,2,2,2,2,5,17,14,16.802,96.671,97.452,10,2,3,2,2,2,4,1,2,23,5,6,2,Do white people feel threatened by the idea of minorities becoming the majority?,,Status Threat
100,322,1,2,3,,1,1,1,36,1,2,1,,,,,,0.264,29.741,41.378,26,To explain the change in demographic groups,1,4,1,Minorities population will increase ,1,3,1,4,3,4,16,16,1.133,44.208,45.4,42,3,3,3,1,1,1,4,1,26,5,4,2,How changes to society are viewed ,,Assuaged Threat
100,381,1,1,3,,1,1,1,10,6,6,2,,,,,,0,0,124.371,0,white people are going to become a minority around 2042.,4,4,1,birth rates of whites versus those of minorities.,2,3,5,2,2,3,15,14,9.469,74.086,74.666,13,3,3,1,7,7,6,5,6,37,2,4,2,how people view racial shifts in the population,,Assuaged Threat
100,498,1,2,3,,1,1,1,47,1,2,1,,20.781,55.048,67.901,11,,,,,Explain a trend in minority groups becoming a larger and larger portion of the United States population ,4,3,2,Birth rates are higher in Hispanic populations while white birth rates are steady,1,2,1,3,3,5,15,14,3.809,96.241,97.394,35,3,4,2,2,3,3,2,2,29,5,10,2,Conservative white Americans may view rising minority group populations as a threat to American culture,,Status Threat
100,352,1,2,3,,1,1,1,15,1,1,1,,0,0,77.252,0,,,,,to explain why minorities will soon outnumber whites in America ,4,3,2,minorities are having more babies than white people,1,1,1,1,1,5,18,14,9.452,66.477,67.562,10,2,5,1,4,1,4,1,2,24,5,4,2,how people feel about minorities ,,Status Threat
100,313,1,2,3,,1,1,1,18,1,3,1,,,,,,0,0,86.216,0,to educate the audience on racial makeup of the us population,4,3,1,white baby boomers aging out of childbearing age while young Hispanic women are having more children,2,2,1,2,2,1,13,19,5.77,49.651,50.355,9,2,4,1,3,1,3,1,3,21,3,8,2,racial minority population rates are influencing america,,Assuaged Threat
100,620,1,1,3,,1,1,1,11,1,2,3,,11.189,178.514,179.071,41,,,,,To explain a predicted change in the country's demographics in the near future.,4,3,2,A higher birthrate among minority groups,2,1,1,3,3,6,18,18,10.531,104.178,104.878,45,3,4,2,3,1,1,2,2,36,5,8,2,"That our, the test taker's, political leanings and the inbuilt biases of those leanings changes how we process provided information.",,Status Threat
100,562,1,2,3,,1,1,1,44,4,4,3,,35.63,139.447,147.204,9,,,,,To advise of the shift in racial majorities ,4,4,2,Baby boomers aging past child bearing years,1,1,5,2,3,4,17,16,10.418,99.572,100.294,32,5,2,5,4,2,7,2,4,51,2,2,2,How to decrease the rate of racial majority shift,,Status Threat
100,512,1,2,3,,1,1,1,33,5,3,1,,0,0,91.535,0,,,,,To state the reasons why the US white population will be in the minority by 2042.,4,4,2,Immigration,2,2,3,2,4,4,16,16,17.2,91.184,91.872,8,2,2,4,4,2,3,2,3,58,4,3,2,Seeing if there's a correlation with info in article to if you think US society is going downhill or not?,,Status Threat
100,942,1,2,3,,1,1,1,10,6,4,4,A follower of Jesus Christ who therefore believes in the Kingdom of Yahweh,,,,,11.083,101.191,128.177,3,To discuss the accelerated trend towards racial minorities ebcoming the majority of US population earlier than previously anticipated.,4,3,1,Increased birth rates for minorities compared to those of White Americans.,2,2,4,2,4,4,18,16,10.827,349.657,350.472,45,3,3,3,5,2,4,4,6,42,6,2,2,That the article information would bias the political responses.,,Assuaged Threat
100,400,1,1,3,,1,1,1,26,5,6,2,,0,0,107.545,0,,,,,to inform Americans of the trend in our demographics ehich ate shifting more in favor of minorities.,4,3,1,"Whites are just replacing our numbers, whereas minorities are increasing theirs.",2,1,3,4,4,5,19,15,7.96,53.64,54.407,20,3,3,3,5,3,6,2,5,39,3,4,2,To see if whites feel threatened by the article.,Thanks for the opportunity.,Status Threat
100,464,1,1,3,,1,1,1,22,4,4,3,,,,,,1.931,142.462,144.528,87,Racial minorities will eventually become the majority in the US,4,3,2,Hispanics having more children,1,2,3,1,2,5,18,14,3.116,62.259,62.898,60,3,2,4,5,4,6,4,4,42,3,6,2,Measuring public perception on immigration and demographic changes of the US,,Assuaged Threat
100,420,1,2,3,,1,1,1,41,1,2,1,,0,0,108.463,0,,,,,predict the projected percentage of white vs non-white population in the future,4,4,2,an increase in minority immigration to the U.S. and minority groups having more babies,1,2,1,4,5,4,18,14,9.715,63.911,64.823,10,3,4,1,3,2,3,2,2,23,5,6,2,hypothesizing the U.S population based on racial identity in the future,no,Status Threat
100,472,1,2,3,,1,1,1,26,4,4,3,,5.759,131.497,137.173,13,,,,,Show the grow of populations,4,5,2,Population ,2,2,5,1,2,6,18,14,10.008,81.677,82.788,23,3,3,3,6,1,7,4,4,47,3,3,2,Culture populism ,,Status Threat
100,394,1,2,3,,1,1,1,4,1,3,1,,0,0,66.062,0,,,,,Provide information about population trends,4,3,2,Higher birth rates among the Hispanic population vs the White population,1,2,1,4,3,2,17,14,15.782,83.381,84.278,13,1,4,1,2,1,2,1,2,36,7,5,2,How political beliefs impact thoughts about minorities,,Status Threat
100,433,1,2,3,,1,1,1,6,1,2,1,,0,0,101.247,0,,,,,To inform Americans the rising population of non-white people,4,4,2,"in the Hispanic population, birth rate to death rate is 9-1",2,2,2,4,4,5,18,15,7.459,95.367,96.439,20,3,4,1,2,2,3,2,2,20,3,8,2,Racial groups will be more populated,,Status Threat
100,505,1,2,3,,1,1,1,39,3,3,1,,11.691,75.46,98.93,23,,,,,Showing minorities will outnumber whites soon in the USA,4,3,2,Hispanics having 9 births per 1 death and whites having a 1:1 ratio,1,2,2,3,3,5,18,14,6.961,148.361,149.544,46,3,4,3,6,1,3,2,3,37,3,4,2,Demographics shifts in the future for the USA,No,Status Threat
100,293,1,2,3,,1,1,1,22,1,2,1,,,,,,0,0,70.659,0,To state that the time frame in which whites are no longer the racial majority is shortening,4,3,1,increased births among hispanics,1,1,1,1,1,6,18,14,11.631,58.108,59,17,3,4,1,6,1,3,1,2,39,5,1,2,no idea,,Assuaged Threat
100,554,1,1,3,,1,1,1,38,1,3,1,,0.968,60.071,68.669,29,,,,,To show statistics about decline of white majority racial demographics to minorities acceleration. ,4,3,2,"Birth rates of minorities, specifically Hispanic. ",1,1,5,2,1,5,19,15,2.135,75.324,75.959,44,2,3,3,6,1,4,1,1,41,3,2,2,Fear of races threatened with becoming minority ,,Status Threat
100,615,1,1,3,,1,1,1,6,1,2,3,,,,,,0,0,145.607,0,To articulate that White Americans will become the racial minority in the US quicker than previously thought,4,5,2,Hispanic birth rates are increasing while White birth rates are not,6,6,2,3,3,5,17,17,33.626,105.506,106.757,8,3,3,1,4,1,4,1,2,29,6,7,2,White Americans are more likely to appose things like immigration and more laxed citizenship after reading an article about how White Americans are becoming the minority population in the US,,Assuaged Threat
100,400,1,2,3,,1,1,1,34,1,1,1,,0,0,101.398,0,,,,,to educate about changing demographics of the United States,4,4,2,"Hispanic people, who are on average, younger than the white majority, are having babies more",2,2,1,3,3,3,17,14,4.013,43.429,44.189,12,2,4,2,1,1,2,1,2,30,6,2,2,beliefs about society and race depending on political affiliation,,Status Threat
100,662,1,2,3,,1,1,1,15,1,1,1,,,,,,23.758,23.758,58.203,1,To inform people that minorities will soon be the majority,4,5,2,higher birth rates for latinos,1,2,1,2,3,1,17,14,6.846,42.814,43.633,9,1,5,1,1,1,1,2,1,45,6,7,2,thoughts on the future of people in the US,,Assuaged Threat
100,427,1,2,3,,1,1,1,36,1,1,1,,,,,,3.209,87.508,94.8,12,To inform on changing demographics in the US,4,4,1,Hispanic births to deaths are 9:1 vs white births to deaths are about 1:1,2,2,1,4,2,5,17,17,9.32,98.046,99.241,24,3,3,1,3,1,1,1,1,26,5,10,2,Personal political views can predict an individual’s reaction to changing demographics in the US,N/A,Assuaged Threat
100,473,1,1,3,,1,2,1,10,6,6,2,,,,,,4.62,79.156,82.86,16,Whites will be minority sooner than expected ,4,4,1,Birthrates,1,1,2,2,1,5,19,14,8.175,114.401,114.951,28,4,1,4,7,6,6,7,6,46,6,9,2,Demographics are changing quickly ,,Assuaged Threat
100,580,1,2,3,,1,1,1,4,4,4,3,,,,,,0,0,141.074,0,Minority population increase,4,5,1,More Hispanic children born vs white births,1,1,7,1,5,5,18,14,23.639,154.263,155.323,8,3,3,3,7,4,7,2,3,64,4,3,2,not sure,,Assuaged Threat
100,768,1,2,3,,1,2,1,10,7,7,3,,,,,,1.792,183.036,227.301,36,Showing the rate of minorities becoming the majority predicted wrongly prior,4,3,1,People moving to the United States. ,1,1,1,3,3,7,19,13,1.238,182.691,183.297,45,4,1,3,4,3,7,4,6,40,2,4,2,Unsure,,Assuaged Threat
100,576,1,1,3,,1,1,1,43,6,6,2,,,,,,92.422,189.83,191.09,2,To point out that the current white majority will be a minority by 2042 according to changing demographics.,4,3,1,Increased immigration.  ,1,1,7,2,5,4,18,14,9.84,111.147,112.04,15,4,3,5,7,6,7,6,6,58,6,10,2,That immigration is changing the majority/minority ratio.,,Assuaged Threat
100,469,1,2,3,,1,1,1,3,1,2,1,,,,,,26.644,101.794,107.013,6,To discuss the rapid increase in population among minority groups who may soon outnumber white non Hispanics ,4,3,2,More births among non white americans,1,1,1,4,5,5,17,13,6.169,115.437,116.384,26,3,4,2,3,1,3,2,3,42,4,5,2,How different political opinions feel about minority groups,,Assuaged Threat
100,530,1,2,3,,1,1,1,39,1,1,1,,,,,,6.365,6.965,162.302,2,to inform people about the racial makeup of America in the future,4,5,1,white boomers are growing older and white americans are not having as many kids compared to deaths; immigration and increased births among racial minorities,2,1,2,1,2,5,17,14,12.02,80.535,81.828,10,1,4,1,3,1,2,1,2,22,5,6,2,to evaluate feelings/perceptions of the future of america based on racial makeup,,Assuaged Threat
100,514,1,2,3,,1,1,1,36,2,2,1,,12.868,68.528,72.563,6,,,,,To illustrate how white Americans are becoming a minority two the combined other races in America and how the trend is accepting over what was previously thought ,4,4,2,The high birth rates of the minority races compared to whites as well as immigration ,1,1,1,3,5,5,17,14,10.631,89.871,90.994,23,2,4,5,4,1,5,2,2,69,4,3,2,Not really except for maybe how we feel about white minority ,,Status Threat
100,724,1,2,3,,1,1,1,28,1,2,3,,,,,,8.355,79.531,101.941,10,To discuss how white races have become the minority ,2,4,2,White baby boomers are past child bearing age,1,1,2,3,3,6,16,17,10.258,199.434,200.297,24,2,5,1,2,1,5,2,2,32,2,3,2,That those who are more liberal will think whites not being a majority is a good thing,,Assuaged Threat
100,484,1,1,3,,1,1,1,16,1,1,1,,3.763,117.91,126.361,12,,,,,Information about changing American racial demographics.,4,3,2,Increased birth rates among Hispanic families.,1,1,1,4,3,6,18,13,6.202,82.013,82.789,38,3,5,2,1,1,1,1,1,32,7,5,2,Seeing how respondents political views shapes their reactions to the article and changing demographics ,,Status Threat
100,912,1,2,3,,1,1,1,11,6,5,2,,,,,,0,0,247.232,0,"To explain that white people are becoming the minority, but will still likely remain more powerful than other ethnic groups.",4,4,1,More immigration and those immigrants are having more babies.,6,6,3,2,5,5,19,17,15.702,124.926,143.757,10,2,2,4,7,1,4,2,6,22,5,3,2,Racial majorities are more opposed to illegal immigrant rights.,,Assuaged Threat
100,891,1,1,3,,1,1,1,14,4,2,3,,0,0,129.324,0,,,,,to show that white americans may soon be the minority,4,3,2,higher birth to death rates in minorities vs whites being 1 to 1,1,1,2,3,3,4,16,15,35.558,193.238,195.57,11,3,3,2,6,1,4,1,3,31,2,1,2,no idea,<3,Status Threat
100,381,1,2,3,,1,1,1,47,1,3,1,,0.552,67.318,74.415,11,,,,,To share the us is becoming more racially diverse quicker than though,4,4,2,Hispanic and Latino folks having less deaths and more kids ,1,2,1,3,3,4,17,13,6.315,88.927,90.945,29,3,3,1,4,1,3,1,3,27,6,5,2,How people feel about racial relationships in the us,,Status Threat
100,660,1,1,3,,1,1,1,6,6,7,2,,0,0,99.368,0,,,,,To Show that white Americans are starting to be a minority.,4,5,2,More immigrants are entering America and having children.,2,5,5,2,2,5,18,14,25.785,135.514,136.351,11,3,2,3,7,7,6,5,6,63,3,3,1,To show how the country is changing.,O ,Status Threat
100,421,1,2,3,,1,1,1,8,1,2,3,,,,,,4.032,84.018,94.945,42,to inform the reader that minority populations will become the majority over whites...but power structure will remain in white people's hands ,4,4,1,birth rates among minorities are significant,2,1,2,3,4,4,18,14,1.574,72.315,72.802,50,2,4,2,4,1,4,3,2,52,5,5,2,the changing demographics  of America,,Assuaged Threat
100,734,1,2,3,,1,1,1,10,1,1,1,,5.284,5.284,123.957,1,,,,,Non hispanic whites will become a minority sooner than expected,4,5,2,Hispanics are having more children,1,1,2,1,5,5,19,18,14.433,130.287,131.7,13,3,1,3,6,1,7,7,2,58,4,5,1,shifting ethnicities  of the US population,,Status Threat
100,719,1,2,3,,1,1,1,51,7,7,4,Minarchy,,,,,9.102,212.53,239.422,19,To inform that racial minorities of today will become the majority in the future,4,5,1,Birth rate,1,1,6,1,1,4,18,14,26.206,129.62,130.303,31,5,1,3,7,7,7,4,7,31,4,4,2,Political opinion,,Assuaged Threat
100,532,1,2,3,,1,1,1,25,2,6,1,,58.289,140.441,141.5,30,,,,,Educate others about how white Americans are going to become minority by the year 2024,4,5,2,Immigration and the Hispanic population having babies quicker than white people ,1,1,2,4,5,6,18,16,1.618,58.149,59.186,32,3,3,3,4,2,4,4,4,42,5,4,2,How pet process certain types of information ,,Status Threat
100,828,1,2,3,,1,1,1,36,1,1,1,,,,,,15.361,52.005,298.768,4,To address the changing demographics in the US. ,4,3,1,Higher birth rates among the hispanic population.,2,2,1,2,2,4,18,15,28.029,128.318,129.794,8,3,3,2,3,1,2,1,2,61,3,3,2,I don't know.,,Assuaged Threat
100,1528,1,2,3,,1,1,1,19,3,3,1,,,,,,0,0,259.051,0,immigration,4,3,1,immigration and them having a ton of kids and baby boomers no longer fertile,2,2,4,2,3,2,17,17,15.976,196.127,197.367,11,3,2,3,7,1,5,2,3,63,3,5,2,something about the future of the USA and Society,,Assuaged Threat
100,714,1,2,3,,1,1,1,31,3,3,1,,26.203,127.528,132.206,4,,,,,To show statics of minorities out numbering whites in the next generation or so.,4,5,2,White baby boomers are pass child bearing years and young hispanics are having more children.,1,1,5,1,1,4,17,17,12.777,101.063,102.297,18,3,3,4,2,1,7,7,4,66,2,1,1,What people think about minorities being higher in numbers than white people.,"No one race is superior nor should be, white people have a tendency to believe they are.",Status Threat
100,1076,1,2,3,,1,1,1,48,6,3,2,,1.676,85.396,87.933,22,,,,,Increasing rate of minority races creating a rapid decline in white population.,4,5,2,Rapid immigration,2,1,6,1,1,4,19,15,0.978,252.531,254.476,52,3,3,3,7,4,5,4,5,31,5,4,2,How do different political leanings influence opinions about minority races becoming majority over white races.,,Status Threat
100,767,1,2,3,,1,1,1,47,1,1,1,,33.216,153.694,155.566,26,,,,,Presents evidence that racial minorities in the US will soon out number the current white majority,4,3,2,Hispanic families having children at a much higher rate than white families. ,1,2,2,1,2,3,17,17,12.302,133.48,134.669,28,3,4,1,3,1,4,1,1,45,4,2,2,The rate in which racial minorities in the US will outnumber the current racial majority is happening faster than previously predicted. ,,Status Threat
100,428,1,2,3,,1,1,1,39,2,3,3,,8.37,76.06,78.198,13,,,,,Give minority information ,4,3,2,Many Hispanics having a lot of kids,3,2,3,2,2,5,16,15,6.186,99.675,100.838,30,3,4,2,5,3,5,2,2,25,2,3,2,How others think of other races,,Status Threat
100,1051,1,2,3,,1,1,1,38,2,2,1,,14.26,40.292,104.49,3,,,,,Analysis and prediction of racial mix in the US; decreasing percentage of white non-Hispanic Americans,4,4,2,"Smaller birth rate in white vs minority groups, particularly Hispanics",2,2,2,3,3,5,17,14,6.746,109.817,111.037,14,3,4,2,4,2,5,2,2,46,7,9,2,If viewing certain information changes reaction to social policies,"I hadn’t seen this particular article, but I did read an analysis of the census data that had similar conclusions about the increase in minority groups, although some of that was tied to a difference in analyzing the data of people who identify as more than one racial group",Status Threat
100,641,1,2,3,,1,1,1,31,1,2,1,,,,,,23.117,114.165,130.537,10,To educate about future population demographics ,4,5,1,People of Hispanic descent having a death to living kin ratio or 9:1 compared to 1:1 for whites,2,2,1,2,2,5,19,17,14.121,159.33,160.59,36,2,3,1,1,2,4,4,2,27,6,8,2,Minorities would out populate whites in the US ,,Assuaged Threat
100,602,1,1,3,,1,1,1,10,4,4,3,,0,0,433.916,0,,,,,Educate the american population,2,5,2,Immigration,1,1,2,3,3,5,17,14,3.58,42.057,42.756,10,1,3,4,6,6,7,5,4,22,5,6,2,Will white americans become a minority soon,,Status Threat
100,624,1,2,3,,1,1,1,8,1,2,1,,13.779,74.666,170.957,5,,,,,To show minority growth,4,4,2,White Americans are not having children while Hispanic Americans are still having multiple children,1,1,2,3,4,4,17,14,19.399,119.786,121.186,10,2,3,2,2,2,4,3,2,32,5,2,2,Maybe to see if your political views align with what you answered,,Status Threat
100,539,1,2,3,,1,1,1,39,1,1,1,,,,,,0,0,82.391,0,discussion of minority groups related to size of non hispanic white group,4,3,1,baby boomers are not having children and minorites are having children and immigration,3,2,1,3,5,2,14,14,23.429,101.532,102.612,10,3,3,3,6,1,4,4,2,69,6,9,2,if people feel threaten by changing demographics,,Assuaged Threat
100,490,1,2,3,,1,1,1,8,2,3,1,,67.544,92.846,101.62,14,,,,,To explain the earlier transition to a minority-white country,4,5,2,higher birth rates among hispanics,1,2,2,4,6,4,15,16,6.589,120.138,121.1,12,3,3,2,4,2,5,2,3,39,5,9,2,how closely people's identities are linked to their racial group,,Status Threat
100,840,1,1,3,,1,1,1,6,4,5,2,,,,,,2.431,121.142,124.771,9,The purpose of the press release was to inform people that minority groups may make up the majority of the U.S. population within 20 or so years.,4,3,2,Immigration,1,2,4,2,3,4,17,15,4.57,284.316,285.081,14,3,2,3,7,1,7,4,6,32,2,3,2,I feel like this study is about gauging people's bias towards certain issues when presented with information.,N/A,Assuaged Threat
100,1935,1,2,3,,1,1,1,43,6,6,2,,4.661,779.693,830.941,8,,,,,To educate on current and predicted future demographics in the US,4,4,2,"white baby boomers dying, while young hispanics are reproducing more right now",1,1,3,2,3,5,17,15,10.442,354.988,355.981,19,3,3,3,5,4,5,3,6,29,5,4,2,"In the near future, the majority demographic of the US population will shift from whites to a minority population.",N/A,Status Threat
100,961,1,1,3,,2,1,1,10,6,7,2,,17.932,239.377,240.135,16,,,,,White peolple are becoming the minority ,4,5,2,Immigrants ,1,1,7,1,1,7,19,18,50.913,252.512,253.157,27,5,5,5,7,2,7,5,6,37,2,3,2,Whites are becoming the minority ,,Status Threat
100,1482,1,1,3,,1,1,1,26,1,3,3,,,,,,72.962,251.732,272.26,7,"To explain the decreasing percentage of white Americans, as compared to other",4,3,1,"Hispanic and Latino people are having more children than white Americans, which leads to a population shift. ",1,1,1,5,5,2,14,13,19.743,304.262,305.085,19,2,3,4,4,1,7,5,4,61,4,2,2,To get my opinion on population and ethnic cultures. ,No thanks ,Assuaged Threat
100,1283,1,1,3,,1,1,1,23,1,7,3,,,,,,2.415,103.456,104.301,43,I think the purpose of this press release was to present statistical information about how whites in the United States have steadily been decreasing in comparison to the amount of other races that live in the United States and to present information showing how this trend is predicted to continue into the future. ,4,3,1,One of the main reasons outlined in the press release for the expected demographic shift was the amount of babies that hispanics are having in comparison to the amount of babies that white people are having in the United States in modern times.,1,2,1,1,1,4,19,13,1.359,71.749,72.091,56,1,5,1,4,4,4,1,4,26,2,6,2,"If the amount of racial groups other then white people in the United States continue to have babies at a higher rate compared to whites, then white people will become the minority ethnic group in the United States over time",I did not experience any technical difficulties while taking this survey,Assuaged Threat
100,263,1,1,3,,1,1,1,34,6,7,2,,,,,,39.049,48.879,67.694,4,to indicate that white people will soon become a racial minority.,4,4,1,Low birth rates for white Americans and rapid immigration.,2,2,5,1,2,6,18,16,3.408,56.718,58.235,16,4,2,3,7,3,7,6,5,32,2,3,2,My thoughts on race related issues.,Thank you.,Assuaged Threat
100,927,1,2,3,,1,1,1,43,1,1,1,,,,,,87.213,212.372,252.462,2,The purpose of the press release was to inform readers that whites will soon be a minority in the US.,4,4,1,One of the main reasons is that Hispanics give birth to 9 babies per 1 death. White babies are born 1 birth to 1 death.,5,2,1,4,4,4,17,18,28.358,162.276,164.21,15,2,2,4,2,1,4,1,2,69,3,2,2,I think it was about how certain respondents feel about whites becoming the minority in the US.,We are all members of the human race.,Assuaged Threat
100,1158,1,2,3,,1,1,1,36,3,3,1,,,,,,4.546,48.816,108.267,13,To inform statistics on white vs non white population in the United States ,4,5,2,The rate of birth given ,2,3,4,2,1,5,18,15,0.978,374.803,375.534,51,3,2,3,6,2,6,1,3,34,2,5,2,I would guess how views on popular issues differ from rep. Vs Dem.,,Assuaged Threat
100,1426,1,2,3,,1,1,1,49,1,1,3,,7.209,384.848,387.987,5,,,,,"To show that the most recent Census data (from 2020) indicates that the US will become a ""minority-majority"" country much sooner than expected.",4,5,2,Hispanic families are having far more children than white American families.,1,1,1,4,5,5,17,17,10.224,131.563,133.164,14,3,4,2,3,1,1,1,1,63,3,3,2,"At the beginning of the study I was told that it was about different ways people process information (reading, listening, watching, etc.). There may be another hypothesis, and if so, it might be how I view demographic trends, eg. if I think they're positive or negative for the country.",,Status Threat
100,667,1,1,3,,1,1,1,6,1,1,3,,7.191,7.766,45.479,2,,,,,To inform the public that the white community will be majority minority sooner than expected,4,4,2,Increased immigration from Latin countries ,1,1,1,3,5,4,14,14,1.217,123.637,124.731,42,3,4,2,3,1,6,2,2,49,4,5,2,White people will be majority-minority by 2040,,Status Threat
100,651,1,2,3,,1,1,1,34,2,2,1,,4.635,157.28,160.519,15,,,,,To imform readers that the demographic make up of the US population is rapidly changing in terms increasing minorities.,4,4,1,"Baby boomers are aging, hence not giving birth.",1,1,1,2,4,3,17,16,12.479,75.416,76.233,27,3,3,4,4,1,4,1,1,67,5,8,2,Finding correlations between political affiliations and beliefs about society's racial make up.,,Status Threat
100,2198,1,2,3,,1,1,1,23,2,1,1,,,,,,1.862,83.272,100.258,33,Talk about popuation change.,4,4,1,Baby boomer aging and dying off.,1,2,3,3,6,2,18,16,9.401,93.351,93.922,42,3,3,3,4,1,5,1,2,63,5,2,2,People have various opinions.,,Assuaged Threat